molecule_chembl_id,known_name,pref_name,synonyms,molecule_type,max_phase,best_IC50_nM,best_IC50_units,best_EC50_nM,best_inhibition_pct,best_pchembl_value,action_type_clean,standard_types,targets,target_names,num_activities,document_years,mw_freebase,alogp,hba,hbd,psa,rtb,num_ro5_violations,cx_logp,cx_logd,canonical_smiles
CHEMBL4764496,,,,Unknown,,0.1,nM,,,10.0,BLOCKER,IC50,CHEMBL2417347,Short transient receptor potential channel 6,1,2021.0,375.40,2.94,5,1,59.97,3,0,,,Cc1ccc(Cn2c(N3CC[C@@H](F)[C@H](N)C3)nc3cc(F)c(F)cc32)nc1
CHEMBL4741505,,,,Unknown,,0.2,nM,,,9.7,BLOCKER,IC50,CHEMBL2417347,Short transient receptor potential channel 6,1,2021.0,362.36,2.03,6,1,72.86,3,0,,,N[C@@H]1CN(c2nc3ccc(F)cc3n2Cc2ncc(F)cn2)CC[C@H]1F
CHEMBL5567030,,,,,,0.22,nM,,,9.66,ANTAGONIST,IC50,CHEMBL2417347,Short transient receptor potential channel 6,1,2024.0,333.43,3.03,4,1,62.28,3,0,,,N#Cc1ccc(O[C@@H]2c3ccccc3C[C@@H]2N2CCC[C@@H](N)C2)cc1
CHEMBL4752852,,,,Unknown,,0.3,nM,,,9.52,BLOCKER,IC50,CHEMBL2417347,Short transient receptor potential channel 6,1,2021.0,395.82,3.44,5,1,59.97,3,0,,,N[C@@H]1CN(c2nc3cc(F)ccc3n2Cc2ccc(Cl)cn2)CCC1(F)F
CHEMBL4746182,,,,Unknown,,0.4,nM,,,9.4,BLOCKER,IC50,CHEMBL2417347,Short transient receptor potential channel 6,1,2021.0,361.37,2.63,5,1,59.97,3,0,,,N[C@@H]1CN(c2nc3ccc(F)cc3n2Cc2ccc(F)cn2)CC[C@H]1F
CHEMBL4776935,,,,Unknown,,0.4,nM,,,9.4,BLOCKER,IC50,CHEMBL2417347,Short transient receptor potential channel 6,1,2021.0,408.84,2.55,7,1,82.09,4,0,,,COc1cc(F)c2nc(N3CC[C@@H](F)[C@H](N)C3)n(Cc3ncc(Cl)cn3)c2c1
CHEMBL4753871,,,,Unknown,,0.4,nM,,,9.4,BLOCKER,IC50,CHEMBL2417347,Short transient receptor potential channel 6,1,2021.0,362.36,2.03,6,1,72.86,3,0,,,N[C@@H]1CN(c2nc3cc(F)ccc3n2Cc2ncc(F)cn2)CC[C@H]1F
CHEMBL5832744,,,,,,2.8,nM,,,8.55,,IC50; kon; k_off,CHEMBL2417347,Short transient receptor potential channel 6,3,2022.0,328.44,2.93,4,1,47.08,3,0,,,NC1CCCN(C2CC(c3ccc(F)cc3)CC2n2cccn2)C1
CHEMBL4129456,,,,Small molecule,,3.0,nM,,,8.52,,IC50,CHEMBL2417347,Short transient receptor potential channel 6,1,2018.0,369.48,3.77,4,1,62.28,3,0,,,C[C@]12CCC(F)=C[C@H]1C[C@@H](N1CCC[C@@H](N)C1)[C@@H]2Oc1ccc(C#N)cc1
CHEMBL5847664,,,,,,3.37,nM,,,8.47,,IC50; kon; k_off,CHEMBL2417347,Short transient receptor potential channel 6,3,2022.0,329.42,2.33,5,1,59.97,3,0,,,NC1CCCN(C2CC(c3ccc(F)cc3)CC2n2nccn2)C1
CHEMBL5835028,,,,,,3.4,nM,,,8.47,,IC50; kon; k_off,CHEMBL2417347,Short transient receptor potential channel 6,3,2022.0,346.43,2.88,4,1,47.08,3,0,,,NC1CC(F)CN(C2CC(c3ccc(F)cc3)CC2n2cccn2)C1
CHEMBL5884133,,,,,,3.44,nM,,,8.46,,IC50; kon; k_off,CHEMBL2417347,Short transient receptor potential channel 6,3,2022.0,374.44,2.68,5,1,64.27,4,0,,,NC1CC(F)CN(C2CC(c3ccc(F)cc3)CC2Oc2ccncn2)C1
CHEMBL5995011,,,,,,3.78,nM,,,8.42,,IC50; kon; k_off,CHEMBL2417347,Short transient receptor potential channel 6,3,2022.0,354.43,2.20,6,1,83.76,3,0,,,N#Cc1cn(C2CC(c3ccc(F)cc3)CC2N2CCCC(N)C2)nn1
CHEMBL2418809,,,,Small molecule,,4.0,nM,,,8.4,ANTAGONIST,IC50,CHEMBL2417347,Short transient receptor potential channel 6,2,2013.0; 2024.0,411.89,4.67,6,1,63.69,3,0,,,CC1CCCN(C(=O)c2nc(Nc3cc4c(cc3F)OCO4)sc2Cl)C1C
CHEMBL5759191,,,,,,4.06,nM,,,8.39,,IC50; kon; k_off,CHEMBL2417347,Short transient receptor potential channel 6,3,2022.0,371.44,2.75,5,1,70.87,3,0,,,N#Cc1cnn(C2CC(c3ccc(F)cc3)CC2N2CC(N)CC(F)C2)c1
CHEMBL6047787,,,,,,5.31,nM,,,8.28,,IC50; kon; k_off,CHEMBL2417347,Short transient receptor potential channel 6,3,2022.0,352.46,3.41,4,1,57.98,3,0,,,N#Cc1ccn(C2CC(c3ccc(F)cc3)CC2N2CCCC(N)C2)c1
CHEMBL5532633,,,,,,5.8,nM,,,8.24,ANTAGONIST,IC50,CHEMBL2417347,Short transient receptor potential channel 6,1,2024.0,363.54,4.84,3,2,58.56,5,0,,,C=C[C@@](C)(O)CC[C@H]1C(=C)C[C@H](OC(=O)NC)[C@H]2C(C)(C)CCC[C@]12C
CHEMBL6040572,,,,,,6.56,nM,,,8.18,,IC50; kon; k_off,CHEMBL2417347,Short transient receptor potential channel 6,3,2022.0,390.89,3.39,5,1,64.27,4,0,,,NC1CCCN(C2CC(c3ccc(F)cc3)CC2Oc2nnccc2Cl)C1
CHEMBL5989633,,,,,,7.1,nM,,,8.15,,IC50; kon; k_off,CHEMBL2417347,Short transient receptor potential channel 6,3,2022.0,354.43,2.20,6,1,83.76,3,0,,,N#Cc1ncn(C2CC(c3ccc(F)cc3)CC2N2CCCC(N)C2)n1
CHEMBL4129809,SAR7334,,,Small molecule,,7.9,nM,,,8.1,ANTAGONIST,IC50,CHEMBL2417347,Short transient receptor potential channel 6,4,2018.0; 2019.0; 2024.0,367.88,3.68,4,1,62.28,3,0,,,N#Cc1ccc(O[C@@H]2c3ccccc3C[C@H]2N2CCC[C@@H](N)C2)c(Cl)c1
CHEMBL5774406,,,,,,7.97,nM,,,8.1,,IC50; kon; k_off,CHEMBL2417347,Short transient receptor potential channel 6,3,2022.0,353.45,2.80,5,1,70.87,3,0,,,N#Cc1cnn(C2CC(c3ccc(F)cc3)CC2N2CCCC(N)C2)c1
CHEMBL4129805,,,,Small molecule,,8.0,nM,,,8.1,,IC50,CHEMBL2417347,Short transient receptor potential channel 6,1,2018.0,365.48,2.34,5,1,79.35,3,0,,,N#Cc1ccc(O[C@@H]2[C@@H]3[C@H](C[C@H]2N2CCC[C@@H](N)C2)[C@@H]2CC(=O)[C@H]3C2)cc1
CHEMBL5835965,,,,,,9.51,nM,,,8.02,,IC50; kon; k_off,CHEMBL2417347,Short transient receptor potential channel 6,3,2022.0,409.51,3.82,5,1,71.51,5,0,,,COc1cc(C2CC(Oc3ccc(C#N)cc3)C(N3CCCC(N)C3)C2)ccc1F
CHEMBL5892236,,,,,,9.51,nM,,,8.02,,IC50; kon; k_off,CHEMBL2417347,Short transient receptor potential channel 6,3,2022.0,380.47,3.21,5,1,75.17,4,0,,,N#Cc1ccc(OC2CC(c3ccc(F)cc3)CC2N2CCC[C@@H](N)C2)nc1
CHEMBL5792157,,,,,,9.93,nM,,,8.0,,IC50; kon; k_off,CHEMBL2417347,Short transient receptor potential channel 6,3,2022.0,374.44,2.87,5,1,64.27,4,0,,,NC1CCCN(C2CC(c3ccc(F)cc3)CC2Oc2cc(F)cnn2)C1
CHEMBL5558723,,,,,,10.0,nM,,,8.0,ANTAGONIST,IC50,CHEMBL2417347,Short transient receptor potential channel 6,1,2024.0,359.45,3.73,6,1,63.69,3,0,,,CC1CC(C)CN(C(=O)c2csc(Nc3ccc4c(c3)OCO4)n2)C1
CHEMBL5839618,,,,,,10.6,nM,,,7.97,,IC50; kon; k_off,CHEMBL2417347,Short transient receptor potential channel 6,3,2022.0,381.46,2.60,6,1,88.06,4,0,,,N#Cc1ncc(OC2CC(c3ccc(F)cc3)CC2N2CCCC(N)C2)cn1
CHEMBL5870151,,,,,,10.6,nM,,,7.97,,IC50; kon; k_off,CHEMBL2417347,Short transient receptor potential channel 6,3,2022.0,348.40,1.67,6,1,72.86,3,0,,,NC1CC(F)CN(C2CC(c3ccc(F)cc3)CC2n2ncnn2)C1
CHEMBL4127600,,,,Small molecule,,11.0,nM,,,7.96,,IC50,CHEMBL2417347,Short transient receptor potential channel 6,1,2018.0,367.49,2.88,5,1,79.35,3,0,,,C[C@]12CCC(=O)C[C@H]1C[C@@H](N1CCC[C@@H](N)C1)[C@@H]2Oc1ccc(C#N)cc1
CHEMBL5864721,,,,,,11.5,nM,,,7.94,,IC50; kon; k_off,CHEMBL2417347,Short transient receptor potential channel 6,3,2022.0,381.46,2.60,6,1,88.06,4,0,,,N#Cc1cnc(OC2CC(c3ccc(F)cc3)CC2N2CCCC(N)C2)nc1
CHEMBL5741863,,,,,,11.8,nM,,,,,IC50; kon; k_off,CHEMBL2417347,Short transient receptor potential channel 6,3,2022.0,399.45,2.55,6,1,88.06,4,0,,,N#Cc1ccc(OC2CC(c3ccc(F)cc3)CC2N2CC(N)CC(F)C2)nn1
CHEMBL5567783,BI-749327 (81% similar),,,,,13.0,nM,,,7.89,ANTAGONIST,IC50,CHEMBL2417347,Short transient receptor potential channel 6,1,2024.0,430.55,5.17,5,1,81.34,4,1,,,CC(C)(C)c1ccc(Oc2ccc(C(=O)N3CCC(c4ccc(N)nn4)CC3)cc2)cc1
CHEMBL6065445,,,,,,13.7,nM,,,7.86,,IC50; kon; k_off,CHEMBL2417347,Short transient receptor potential channel 6,3,2022.0,381.46,2.60,6,1,88.06,4,0,,,N#Cc1cnc(OC2CC(c3ccc(F)cc3)CC2N2CCCC(N)C2)cn1
CHEMBL5794171,,,,,,14.1,nM,,,7.85,,IC50; kon; k_off,CHEMBL2417347,Short transient receptor potential channel 6,3,2022.0,361.49,3.67,4,1,62.28,4,0,,,N#Cc1ccccc1OC1CC(c2ccccc2)CC1N1CCCC(N)C1
CHEMBL2418807,,,,Small molecule,,16.0,nM,,,7.8,,IC50,CHEMBL2417347,Short transient receptor potential channel 6,1,2013.0,359.45,3.88,6,1,63.69,3,0,,,CC1CCCN(C(=O)c2csc(Nc3ccc4c(c3)OCO4)n2)C1C
CHEMBL2418811,GSK2833503A,,,Small molecule,,16.0,nM,,,7.8,ANTAGONIST,IC50,CHEMBL2417347,Short transient receptor potential channel 6,2,2013.0; 2024.0,381.90,5.25,4,1,45.23,3,1,,,Cc1sc(Nc2ccc(Cl)cc2F)nc1C(=O)N1CCC[C@H](C)[C@@H]1C
CHEMBL5776256,,,,,,16.2,nM,,,7.79,,IC50; kon; k_off,CHEMBL2417347,Short transient receptor potential channel 6,3,2022.0,389.43,3.05,5,1,70.87,3,0,,,N#Cc1cnn(C2CC(c3ccc(F)cc3)CC2N2CCC(F)(F)C(N)C2)c1
CHEMBL5754111,,,,,,17.4,nM,,,7.76,,IC50; kon; k_off,CHEMBL2417347,Short transient receptor potential channel 6,3,2022.0,395.48,3.52,5,2,82.51,4,0,,,N#Cc1ccc(OC2CC(c3ccc(F)c(O)c3)CC2N2CCCC(N)C2)cc1
CHEMBL5895935,,,,,,17.4,nM,,,7.76,,IC50; kon; k_off,CHEMBL2417347,Short transient receptor potential channel 6,3,2022.0,395.93,4.33,4,1,62.28,4,0,,,N#Cc1ccc(OC2CC(c3ccccc3)CC2N2CCCC(N)C2)c(Cl)c1
CHEMBL5952105,,,,,,17.8,nM,,,7.75,,IC50; kon; k_off,CHEMBL2417347,Short transient receptor potential channel 6,3,2022.0,356.45,2.73,5,1,64.27,4,0,,,NC1CCCN(C2CC(c3ccc(F)cc3)CC2Oc2cccnn2)C1
CHEMBL5832093,,,,,,19.3,nM,,,7.71,,IC50; kon; k_off,CHEMBL2417347,Short transient receptor potential channel 6,3,2022.0,413.92,4.47,4,1,62.28,4,0,,,N#Cc1ccc(OC2CC(c3cccc(F)c3)CC2N2CCCC(N)C2)c(Cl)c1
CHEMBL5883956,,,,,,19.9,nM,,,,,IC50; kon; k_off,CHEMBL2417347,Short transient receptor potential channel 6,3,2022.0,353.45,2.80,5,1,70.87,3,0,,,N#Cc1ccn(C2CC(c3ccc(F)cc3)CC2N2CCCC(N)C2)n1
CHEMBL5887941,,,,,,20.7,nM,,,7.68,,IC50; kon; k_off,CHEMBL2417347,Short transient receptor potential channel 6,3,2022.0,415.46,4.06,4,1,62.28,4,0,,,N#Cc1ccc(OC2CC(c3ccc(F)cc3)CC2N2CCC(F)(F)C(N)C2)cc1
CHEMBL4126041,,,,Small molecule,,22.0,nM,,,7.66,,IC50,CHEMBL2417347,Short transient receptor potential channel 6,1,2018.0,339.44,2.10,5,1,79.35,3,0,,,N#Cc1ccc(O[C@@H]2[C@@H]3CCC(=O)[C@@H]3C[C@H]2N2CCC[C@@H](N)C2)cc1
CHEMBL6046547,,,,,,22.0,nM,,,7.66,,IC50; kon; k_off,CHEMBL2417347,Short transient receptor potential channel 6,3,2022.0,380.47,3.21,5,1,75.17,4,0,,,N#Cc1ccc(OC2CC(c3ccc(F)cc3)CC2N2CCCC(N)C2)nc1
CHEMBL2418808,,,,Small molecule,,25.0,nM,,,7.6,,IC50,CHEMBL2417347,Short transient receptor potential channel 6,1,2013.0,391.47,4.32,6,1,63.69,3,0,,,Cc1sc(Nc2cc3c(cc2F)OCO3)nc1C(=O)N1CCCC(C)C1C
CHEMBL5993383,,,,,,25.1,nM,,,7.6,,IC50; kon; k_off,CHEMBL2417347,Short transient receptor potential channel 6,3,2022.0,397.47,3.95,4,1,62.28,4,0,,,N#Cc1ccc(OC2CC(c3ccc(F)cc3)CC2N2CCCC(N)C2)cc1F
CHEMBL5901204,,,,,,26.7,nM,,,7.57,,IC50; kon; k_off,CHEMBL2417347,Short transient receptor potential channel 6,3,2022.0,330.41,1.72,6,1,72.86,3,0,,,NC1CCCN(C2CC(c3ccc(F)cc3)CC2n2ncnn2)C1
CHEMBL5892549,,,,,,27.0,nM,,,7.57,,IC50; kon; k_off,CHEMBL2417347,Short transient receptor potential channel 6,6,2020.0; 2021.0,467.50,2.63,8,2,114.04,6,0,,,COc1cc(C(=O)N2CCN(c3cnc(N)cc3C)C[C@@H]2CO)ncc1Oc1ccc(F)cc1
CHEMBL5985640,,,,,,27.0,nM,,,,,IC50; kon; k_off,CHEMBL2417347,Short transient receptor potential channel 6,6,2020.0; 2021.0,436.49,4.33,6,1,90.57,5,0,,,COc1cc(C(=O)N2CCC(c3cnc(N)cc3C)CC2)ncc1Oc1ccc(F)cc1
CHEMBL5862737,,,,,,27.0,nM,,,7.57,,IC50; kon; k_off,CHEMBL2417347,Short transient receptor potential channel 6,6,2020.0; 2021.0,405.46,3.27,7,1,103.46,5,0,,,COc1cc(C(=O)N2CCC(c3ccc(N)nn3)CC2)ncc1Oc1ccccc1
CHEMBL6054586,,,,,,27.0,nM,,,7.57,,IC50; kon; k_off,CHEMBL2417347,Short transient receptor potential channel 6,6,2020.0; 2021.0,418.50,4.19,6,1,90.57,5,0,,,COc1cc(C(=O)N2CCC(c3cnc(N)cc3C)CC2)ncc1Oc1ccccc1
CHEMBL6014491,,,,,,27.0,nM,,,,,IC50; kon; k_off,CHEMBL2417347,Short transient receptor potential channel 6,6,2020.0; 2021.0,404.47,3.88,6,1,90.57,5,0,,,COc1cc(C(=O)N2CCC(c3ccc(N)nc3)CC2)ncc1Oc1ccccc1
CHEMBL6026920,,,,,,27.0,nM,,,7.57,,IC50; kon; k_off,CHEMBL2417347,Short transient receptor potential channel 6,6,2020.0; 2021.0,479.51,3.50,8,1,103.04,6,0,,,COc1cc(C(=O)N2CCN(c3cnc(N)cc3OC)CC23CC3)ncc1Oc1ccc(F)cc1
CHEMBL5960204,,,,,,27.0,nM,,,7.57,,IC50; kon; k_off,CHEMBL2417347,Short transient receptor potential channel 6,6,2020.0; 2021.0,423.45,2.96,7,1,93.81,5,0,,,COc1cc(C(=O)N2CCN(c3ccc(N)nc3)CC2)ncc1Oc1ccc(F)cc1
CHEMBL6000153,,,,,,27.0,nM,,,7.57,,IC50; kon; k_off,CHEMBL2417347,Short transient receptor potential channel 6,6,2020.0; 2021.0,405.46,2.82,7,1,93.81,5,0,,,COc1cc(C(=O)N2CCN(c3ccc(N)nc3)CC2)ncc1Oc1ccccc1
CHEMBL6045460,,,,,,27.0,nM,,,,,IC50; kon; k_off,CHEMBL2417347,Short transient receptor potential channel 6,6,2020.0; 2021.0,489.45,4.17,8,1,112.69,6,0,,,COc1cc(C(=O)N2CCC(c3ccc(N)nn3)CC2)ncc1Oc1ccc(OC(F)(F)F)cc1
CHEMBL6050586,,,,,,27.0,nM,,,7.57,,IC50; kon; k_off,CHEMBL2417347,Short transient receptor potential channel 6,6,2020.0; 2021.0,435.48,2.83,8,1,103.04,6,0,,,COc1ccc(Oc2cnc(C(=O)N3CCN(c4ccc(N)nc4)CC3)cc2OC)cc1
CHEMBL6058637,,,,,,27.0,nM,,,7.57,,IC50; kon; k_off,CHEMBL2417347,Short transient receptor potential channel 6,6,2020.0; 2021.0,463.54,4.06,8,1,112.69,7,0,,,COc1cc(C(=O)N2CCC(c3ccc(N)nn3)CC2)ncc1Oc1ccc(OC(C)C)cc1
CHEMBL5962399,,,,,,27.0,nM,,,7.57,,IC50; kon; k_off,CHEMBL2417347,Short transient receptor potential channel 6,6,2020.0; 2021.0,435.48,2.83,8,1,103.04,6,0,,,COc1cc(C(=O)N2CCN(c3cnc(N)cc3OC)CC2)ncc1Oc1ccccc1
CHEMBL5756823,,,,,,27.0,nM,,,,,IC50; kon; k_off,CHEMBL2417347,Short transient receptor potential channel 6,6,2020.0; 2021.0,452.49,4.03,7,1,99.80,6,0,,,COc1cc(C(=O)N2CCC(c3cnc(N)cc3OC)CC2)ncc1Oc1ccc(F)cc1
CHEMBL5760629,,,,,,27.0,nM,,,7.57,,IC50; kon; k_off,CHEMBL2417347,Short transient receptor potential channel 6,6,2020.0; 2021.0,453.47,3.42,8,1,112.69,6,0,,,COc1cc(C(=O)N2CCC(c3cc(OC)c(N)nn3)CC2)ncc1Oc1ccc(F)cc1
CHEMBL5778008,,,,,,27.0,nM,,,7.57,,IC50; kon; k_off,CHEMBL2417347,Short transient receptor potential channel 6,6,2020.0; 2021.0,422.46,4.02,6,1,90.57,5,0,,,COc1cc(C(=O)N2CCC(c3ccc(N)nc3)CC2)ncc1Oc1ccc(F)cc1
CHEMBL6063323,,,,,,27.0,nM,,,,,IC50; kon; k_off,CHEMBL2417347,Short transient receptor potential channel 6,6,2020.0; 2021.0,453.47,2.97,8,1,103.04,6,0,,,COc1cc(C(=O)N2CCN(c3cnc(N)cc3OC)CC2)ncc1Oc1ccc(F)cc1
CHEMBL6009774,,,,,,27.0,nM,,,7.57,,IC50; kon; k_off,CHEMBL2417347,Short transient receptor potential channel 6,6,2020.0; 2021.0,461.52,3.36,8,1,103.04,6,0,,,COc1cc(C(=O)N2CCN(c3cnc(N)cc3OC)CC23CC3)ncc1Oc1ccccc1
CHEMBL5911052,,,,,,28.8,nM,,,7.54,,IC50; kon; k_off,CHEMBL2417347,Short transient receptor potential channel 6,3,2022.0,413.47,2.86,6,1,88.06,4,0,,,Cc1cc(C#N)nnc1OC1CC(c2ccc(F)cc2)CC1N1CC(N)CC(F)C1
CHEMBL5832929,,,,,,29.0,nM,,,7.54,,IC50; kon; k_off,CHEMBL2417347,Short transient receptor potential channel 6,6,2020.0; 2021.0,423.45,3.41,7,1,103.46,5,0,,,COc1cc(C(=O)N2CCC(c3ccc(N)nn3)CC2)ncc1Oc1ccc(F)cc1
CHEMBL5971115,,,,,,29.8,nM,,,7.53,,IC50; kon; k_off,CHEMBL2417347,Short transient receptor potential channel 6,3,2022.0,347.41,2.28,5,1,59.97,3,0,,,N[C@@H]1C[C@@H](F)CN([C@@H]2C[C@H](c3ccc(F)cc3)C[C@H]2n2cncn2)C1
CHEMBL4128079,,,,Small molecule,,30.0,nM,,,7.52,,IC50,CHEMBL2417347,Short transient receptor potential channel 6,1,2018.0,389.49,3.94,4,1,62.28,3,0,,,C[C@]12CCC(F)(F)C[C@H]1C[C@@H](N1CCC[C@@H](N)C1)[C@@H]2Oc1ccc(C#N)cc1
CHEMBL5873746,,,,,,31.0,nM,,,7.51,,IC50; kon; k_off,CHEMBL2417347,Short transient receptor potential channel 6,6,2020.0; 2021.0,449.51,2.49,8,2,114.04,6,0,,,COc1cc(C(=O)N2CCN(c3cnc(N)cc3C)C[C@@H]2CO)ncc1Oc1ccccc1
CHEMBL5974801,,,,,,31.1,nM,,,7.51,,IC50; kon; k_off,CHEMBL2417347,Short transient receptor potential channel 6,3,2022.0,415.46,4.06,4,1,62.28,4,0,,,N#Cc1ccc(OC2CC(c3ccc(F)cc3)CC2N2CC(N)CC(F)(F)C2)cc1
CHEMBL2418815,,,,Small molecule,,32.0,nM,,,7.5,,IC50,CHEMBL2417347,Short transient receptor potential channel 6,1,2013.0,407.50,4.68,6,1,63.69,3,0,,,Cc1sc(Nc2ccc3c(c2)OCO3)nc1C(=O)N1CCc2ccccc2C1C
CHEMBL5933070,,,,,,32.0,nM,,,7.5,,IC50; kon; k_off,CHEMBL2417347,Short transient receptor potential channel 6,6,2020.0; 2021.0,466.51,3.81,7,1,99.80,7,0,,,COc1cc(C(=O)N2CCC(c3cnc(N)cc3OC)CC2)ncc1OCc1ccccc1F
CHEMBL4128782,,,,Small molecule,,33.0,nM,,,7.48,,IC50,CHEMBL2417347,Short transient receptor potential channel 6,1,2018.0,396.54,3.31,6,1,83.87,4,0,,,CO/N=C1\CC[C@@]2(C)[C@@H](C1)C[C@@H](N1CCC[C@@H](N)C1)[C@@H]2Oc1ccc(C#N)cc1
CHEMBL4127190,,,,Small molecule,,37.0,nM,,,7.43,,IC50,CHEMBL2417347,Short transient receptor potential channel 6,1,2018.0,353.51,3.70,4,1,62.28,3,0,,,C[C@]12CCCC[C@H]1C[C@@H](N1CCC[C@@H](N)C1)[C@@H]2Oc1ccc(C#N)cc1
CHEMBL5743712,,,,,,42.0,nM,,,7.38,,IC50; kon; k_off,CHEMBL2417347,Short transient receptor potential channel 6,9,2020.0; 2021.0,453.47,2.32,8,2,114.04,6,0,,,COc1cc(C(=O)N2CCN(c3ccc(N)nc3)C[C@@H]2CO)ncc1Oc1ccc(F)cc1
CHEMBL5921644,,,,,,43.0,nM,,,7.37,,IC50; kon; k_off,CHEMBL2417347,Short transient receptor potential channel 6,3,2021.0,434.50,4.01,7,0,86.67,6,0,,,COc1cc(C(=O)N2CCC(c3cc(OC)c(C)nn3)CC2)ncc1Oc1ccccc1
CHEMBL5841286,,,,,,43.0,nM,,,7.37,,IC50; kon; k_off,CHEMBL2417347,Short transient receptor potential channel 6,3,2020.0,435.48,3.28,8,1,112.69,6,0,,,COc1cc(C(=O)N2CCC(c3cc(OC)c(N)nn3)CC2)ncc1Oc1ccccc1
CHEMBL5989522,,,,,,46.0,nM,,,7.34,,IC50; kon; k_off,CHEMBL2417347,Short transient receptor potential channel 6,6,2020.0; 2021.0,434.50,3.89,7,1,99.80,6,0,,,COc1ccc(Oc2cnc(C(=O)N3CCC(c4ccc(N)nc4)CC3)cc2OC)cc1
CHEMBL5962701,,,,,,47.0,nM,,,7.33,,IC50; kon; k_off,CHEMBL2417347,Short transient receptor potential channel 6,6,2020.0; 2021.0,449.51,2.57,8,2,114.04,6,0,,,COc1cc(N)ncc1N1CCN(C(=O)c2ccc(Oc3ccccc3)cn2)[C@@H]([C@@H](C)O)C1
CHEMBL4125756,,,,Small molecule,,49.0,nM,,,7.31,,IC50,CHEMBL2417347,Short transient receptor potential channel 6,1,2018.0,369.51,2.67,5,2,82.51,3,0,,,C[C@]12CC[C@@H](O)C[C@H]1C[C@@H](N1CCC[C@@H](N)C1)[C@@H]2Oc1ccc(C#N)cc1
CHEMBL2418810,,,,Small molecule,,50.0,nM,,,7.3,,IC50,CHEMBL2417347,Short transient receptor potential channel 6,1,2013.0,381.90,5.25,4,1,45.23,3,1,,,Cc1sc(Nc2ccc(Cl)cc2F)nc1C(=O)N1CCCC(C)C1C
CHEMBL4126989,,,,Small molecule,,52.0,nM,,,7.28,,IC50,CHEMBL2417347,Short transient receptor potential channel 6,1,2018.0,383.54,3.32,5,1,71.51,4,0,,,CO[C@@H]1CC[C@@]2(C)[C@@H](C1)C[C@@H](N1CCC[C@@H](N)C1)[C@@H]2Oc1ccc(C#N)cc1
CHEMBL5923413,,,,,,54.0,nM,,,7.27,,IC50; kon; k_off,CHEMBL2417347,Short transient receptor potential channel 6,6,2020.0; 2021.0,434.50,3.89,7,1,99.80,6,0,,,COc1cc(C(=O)N2CCC(c3cnc(N)cc3OC)CC2)ncc1Oc1ccccc1
CHEMBL2418814,,,,Small molecule,,63.0,nM,,,7.2,,IC50,CHEMBL2417347,Short transient receptor potential channel 6,1,2013.0,393.47,4.37,6,1,63.69,3,0,,,CC1c2ccccc2CCN1C(=O)c1csc(Nc2ccc3c(c2)OCO3)n1
CHEMBL5943663,,,,,,67.0,nM,,,7.17,,IC50; kon; k_off,CHEMBL2417347,Short transient receptor potential channel 6,6,2020.0; 2021.0,502.49,4.91,7,1,99.80,6,1,,,COc1cc(C(=O)N2CCC(c3cnc(N)cc3OC)CC2)ncc1Oc1ccc(C(F)(F)F)cc1
CHEMBL5780246,,,,,,70.0,nM,,,7.16,,IC50; kon; k_off,CHEMBL2417347,Short transient receptor potential channel 6,6,2020.0; 2021.0,397.48,2.66,7,1,103.46,6,0,,,COc1cc(C(=O)N2CCC(c3ccc(N)nn3)CC2)ncc1OCC1CCC1
CHEMBL5904001,,,,,,71.0,nM,,,7.15,,IC50; kon; k_off,CHEMBL2417347,Short transient receptor potential channel 6,3,2021.0,435.48,2.18,8,2,114.04,6,0,,,COc1cc(C(=O)N2CCN(c3ccc(N)nc3)C[C@@H]2CO)ncc1Oc1ccccc1
CHEMBL6049943,,,,,,71.0,nM,,,7.15,,IC50; kon; k_off,CHEMBL2417347,Short transient receptor potential channel 6,6,2020.0; 2021.0,426.52,3.27,7,1,99.80,7,0,,,COc1cc(C(=O)N2CCC(c3cnc(N)cc3OC)CC2)ncc1OCC1(C)CC1
CHEMBL5951611,,,,,,75.0,nM,,,7.12,,IC50; kon; k_off,CHEMBL2417347,Short transient receptor potential channel 6,3,2021.0,478.55,3.57,8,0,86.25,8,0,,,COC[C@H]1CN(c2cnc(C)cc2OC)CCN1C(=O)c1cc(OC)c(Oc2ccccc2)cn1
CHEMBL5892573,,,,,,75.0,nM,,,7.12,,IC50; kon; k_off,CHEMBL2417347,Short transient receptor potential channel 6,3,2020.0,479.54,2.85,9,1,112.27,8,0,,,COC[C@H]1CN(c2cnc(N)cc2OC)CCN1C(=O)c1cc(OC)c(Oc2ccccc2)cn1
CHEMBL2418806,,,,Small molecule,,80.0,nM,,,7.1,,IC50,CHEMBL2417347,Short transient receptor potential channel 6,1,2013.0,329.47,4.46,4,1,45.23,3,0,,,Cc1ccc(Nc2nc(C(=O)N3CCCC(C)C3C)cs2)cc1
CHEMBL5903424,,,,,,82.0,nM,,,7.09,,IC50; kon; k_off,CHEMBL2417347,Short transient receptor potential channel 6,6,2020.0; 2021.0,473.46,4.29,7,1,103.46,5,0,,,COc1cc(C(=O)N2CCC(c3ccc(N)nn3)CC2)ncc1Oc1ccc(C(F)(F)F)cc1
CHEMBL6065646,,,,,,85.0,nM,,,7.07,,IC50; kon; k_off,CHEMBL2417347,Short transient receptor potential channel 6,6,2020.0; 2021.0,439.90,3.93,7,1,103.46,5,0,,,COc1cc(C(=O)N2CCC(c3ccc(N)nn3)CC2)ncc1Oc1ccc(Cl)cc1
CHEMBL5925369,,,,,,94.0,nM,,,7.03,,IC50; kon; k_off,CHEMBL2417347,Short transient receptor potential channel 6,6,2020.0; 2021.0,426.52,3.42,7,1,99.80,6,0,,,COc1cc(C(=O)N2CCC(c3cnc(N)cc3OC)CC2)ncc1OC1CCCC1
CHEMBL5962653,,,,,,97.0,nM,,,7.01,,IC50; kon; k_off,CHEMBL2417347,Short transient receptor potential channel 6,6,2020.0; 2021.0,385.47,2.52,7,1,103.46,6,0,,,COc1cc(C(=O)N2CCC(c3ccc(N)nn3)CC2)ncc1OCC(C)C
CHEMBL5931558,,,,,,98.0,nM,,,7.01,,IC50; kon; k_off,CHEMBL2417347,Short transient receptor potential channel 6,6,2020.0; 2021.0,419.49,3.66,7,1,103.46,6,0,,,CCOc1cc(C(=O)N2CCC(c3ccc(N)nn3)CC2)ncc1Oc1ccccc1
CHEMBL5871233,,,,,,100.0,nM,,,7.0,,IC50; kon; k_off,CHEMBL2417347,Short transient receptor potential channel 6,6,2020.0; 2021.0,449.51,2.57,8,2,114.04,6,0,,,COc1cc(N)ncc1N1CCN(C(=O)c2ccc(Oc3ccccc3)cn2)[C@@H]([C@H](C)O)C1
CHEMBL5964096,,,,,,100.0,nM,,,7.0,,IC50; kon; k_off,CHEMBL2417347,Short transient receptor potential channel 6,6,2020.0; 2021.0,464.52,3.90,8,1,109.03,7,0,,,COc1ccc(Oc2cnc(C(=O)N3CCC(c4cnc(N)cc4OC)CC3)cc2OC)cc1
CHEMBL6016137,,,,,,110.0,nM,,,6.96,,IC50; kon; k_off,CHEMBL2417347,Short transient receptor potential channel 6,6,2020.0; 2021.0,437.48,3.72,7,1,103.46,5,0,,,COc1cc(C(=O)N2CCC(c3nnc(N)cc3C)CC2)ncc1Oc1ccc(F)cc1
CHEMBL6057188,,,,,,110.0,nM,,,6.96,,IC50; kon; k_off,CHEMBL2417347,Short transient receptor potential channel 6,6,2020.0; 2021.0,440.54,3.81,7,1,99.80,6,0,,,COc1cc(C(=O)N2CCC(c3cnc(N)cc3OC)CC2)ncc1OC1CCCCC1
CHEMBL6030993,,,,,,120.0,nM,,,6.92,,IC50; kon; k_off,CHEMBL2417347,Short transient receptor potential channel 6,6,2020.0; 2021.0,419.49,3.58,7,1,103.46,5,0,,,COc1cc(C(=O)N2CCC(c3nnc(N)cc3C)CC2)ncc1Oc1ccccc1
CHEMBL6013333,,,,,,130.0,nM,,,6.89,,IC50; kon; k_off,CHEMBL2417347,Short transient receptor potential channel 6,6,2020.0; 2021.0,466.51,3.81,7,1,99.80,7,0,,,COc1cc(C(=O)N2CCC(c3cnc(N)cc3OC)CC2)ncc1OCc1ccc(F)cc1
CHEMBL5962334,,,,,,140.0,nM,,,6.85,,IC50; kon; k_off,CHEMBL2417347,Short transient receptor potential channel 6,6,2020.0; 2021.0,448.52,3.67,7,1,99.80,7,0,,,COc1cc(C(=O)N2CCC(c3cnc(N)cc3OC)CC2)ncc1OCc1ccccc1
CHEMBL5847301,,,,,,140.0,nM,,,6.85,,IC50; kon; k_off,CHEMBL2417347,Short transient receptor potential channel 6,6,2020.0; 2021.0,435.48,3.28,8,1,112.69,6,0,,,COc1ccc(Oc2cnc(C(=O)N3CCC(c4ccc(N)nn4)CC3)cc2OC)cc1
CHEMBL5777841,,,,,,140.0,nM,,,6.85,,IC50; kon; k_off,CHEMBL2417347,Short transient receptor potential channel 6,6,2020.0; 2021.0,483.50,2.33,9,2,123.27,7,0,,,COc1cc(C(=O)N2CCN(c3cnc(N)cc3OC)C[C@@H]2CO)ncc1Oc1ccc(F)cc1
CHEMBL6022816,,,,,,150.0,nM,,,6.82,,IC50; kon; k_off,CHEMBL2417347,Short transient receptor potential channel 6,6,2020.0; 2021.0,462.50,3.52,7,1,99.80,7,0,,,COc1cc(C(=O)N2CCC(c3cnc(N)cc3OC)CC2)ncc1OCC1CC(F)(F)C1
CHEMBL5851232,,,,,,160.0,nM,,,6.8,,IC50; kon; k_off,CHEMBL2417347,Short transient receptor potential channel 6,6,2020.0; 2021.0,400.48,2.88,7,1,99.80,7,0,,,CCCOc1cnc(C(=O)N2CCC(c3cnc(N)cc3OC)CC2)cc1OC
CHEMBL4130214,,,,Small molecule,,160.0,nM,,,6.8,,IC50,CHEMBL2417347,Short transient receptor potential channel 6,1,2018.0,325.41,1.71,5,1,79.35,3,0,,,N#Cc1ccc(O[C@@H]2[C@@H]3CC(=O)[C@@H]3C[C@H]2N2CCC[C@@H](N)C2)cc1
CHEMBL2418813,,,,Small molecule,,160.0,nM,,,6.8,,IC50,CHEMBL2417347,Short transient receptor potential channel 6,1,2013.0,379.44,3.81,6,1,63.69,3,0,,,O=C(c1csc(Nc2ccc3c(c2)OCO3)n1)N1CCc2ccccc2C1
CHEMBL2418823,,,,Small molecule,,160.0,nM,,,6.8,,IC50,CHEMBL2417347,Short transient receptor potential channel 6,1,2013.0,345.42,3.49,6,1,63.69,3,0,,,CC1CCN(C(=O)c2csc(Nc3ccc4c(c3)OCO4)n2)CC1
CHEMBL5994123,,,,,,160.0,nM,,,6.8,,IC50; kon; k_off,CHEMBL2417347,Short transient receptor potential channel 6,6,2020.0; 2021.0,412.49,2.88,7,1,99.80,7,0,,,COc1cc(C(=O)N2CCC(c3cnc(N)cc3OC)CC2)ncc1OCC1CC1
CHEMBL4567792,,,,Unknown,,170.0,nM,,,6.77,,IC50,CHEMBL2417347,Short transient receptor potential channel 6,1,2019.0,349.52,4.58,3,2,72.55,5,0,,,C=C[C@](C)(O)CC[C@H]1C(=C)C[C@H](OC(N)=O)[C@H]2C(C)(C)CCC[C@]12C
CHEMBL5914721,,,,,,170.0,nM,,,6.77,,IC50; kon; k_off,CHEMBL2417347,Short transient receptor potential channel 6,6,2020.0; 2021.0,479.51,3.50,8,1,103.04,6,0,,,COc1cc(C(=O)N2C3CCC2CN(c2cnc(N)cc2OC)C3)ncc1Oc1ccc(F)cc1
CHEMBL5902303,,,,,,170.0,nM,,,6.77,,IC50; kon; k_off,CHEMBL2417347,Short transient receptor potential channel 6,6,2020.0; 2021.0,461.52,3.82,8,1,112.69,7,0,,,COc1cc(C(=O)N2CCC(c3ccc(N)nn3)CC2)ncc1Oc1ccc(OC2CC2)cc1
CHEMBL5789658,,,,,,170.0,nM,,,6.77,,IC50; kon; k_off,CHEMBL2417347,Short transient receptor potential channel 6,6,2020.0; 2021.0,414.51,3.13,7,1,99.80,7,0,,,COc1cc(C(=O)N2CCC(c3cnc(N)cc3OC)CC2)ncc1OCC(C)C
CHEMBL5851834,,,,,,180.0,nM,,,6.75,,IC50; kon; k_off,CHEMBL2417347,Short transient receptor potential channel 6,6,2020.0; 2021.0,465.51,2.19,9,2,123.27,7,0,,,COc1ccc(Oc2cnc(C(=O)N3CCN(c4ccc(N)nc4)C[C@@H]3CO)cc2OC)cc1
CHEMBL5812920,,,,,,180.0,nM,,,6.75,,IC50; kon; k_off,CHEMBL2417347,Short transient receptor potential channel 6,6,2020.0; 2021.0,437.48,3.20,7,1,103.46,6,0,,,COc1cc(C(=O)N2CCC(c3ccc(N)nn3)CC2)ncc1OCc1ccc(F)cc1
CHEMBL5829570,,,,,,190.0,nM,,,6.72,,IC50; kon; k_off,CHEMBL2417347,Short transient receptor potential channel 6,6,2020.0; 2021.0,462.55,3.72,7,1,99.80,8,0,,,COc1cc(C(=O)N2CCC(c3cnc(N)cc3OC)CC2)ncc1OCCc1ccccc1
CHEMBL4129002,,,,Small molecule,,200.0,nM,,,6.7,,IC50,CHEMBL2417347,Short transient receptor potential channel 6,1,2018.0,403.52,4.19,4,1,62.28,4,0,,,C[C@]12CC[C@H](C(F)F)C[C@H]1C[C@@H](N1CCC[C@@H](N)C1)[C@@H]2Oc1ccc(C#N)cc1
CHEMBL4126938,,,,Small molecule,,210.0,nM,,,6.68,,IC50,CHEMBL2417347,Short transient receptor potential channel 6,1,2018.0,383.54,3.06,5,2,82.51,3,0,,,CC1(O)CC[C@@]2(C)[C@H](C[C@@H](N3CCC[C@@H](N)C3)[C@@H]2Oc2ccc(C#N)cc2)C1
CHEMBL6044717,,,,,,210.0,nM,,,6.68,,IC50; kon; k_off,CHEMBL2417347,Short transient receptor potential channel 6,6,2020.0; 2021.0,426.52,3.27,7,1,99.80,7,0,,,COc1cc(C(=O)N2CCC(c3cnc(N)cc3OC)CC2)ncc1OCC1CCC1
CHEMBL5911163,,,,,,220.0,nM,,,6.66,,IC50; kon; k_off,CHEMBL2417347,Short transient receptor potential channel 6,6,2020.0; 2021.0,497.53,2.98,9,1,112.27,8,0,,,COC[C@H]1CN(c2cnc(N)cc2OC)CCN1C(=O)c1cc(OC)c(Oc2ccc(F)cc2)cn1
CHEMBL5873888,,,,,,220.0,nM,,,6.66,,IC50; kon; k_off,CHEMBL2417347,Short transient receptor potential channel 6,3,2021.0,434.50,4.01,7,0,86.67,6,0,,,COc1cc(C(=O)N2CCC(c3nnc(C)cc3OC)CC2)ncc1Oc1ccccc1
CHEMBL5779984,,,,,,220.0,nM,,,6.66,,IC50; kon; k_off,CHEMBL2417347,Short transient receptor potential channel 6,6,2020.0; 2021.0,471.46,3.88,8,1,112.69,7,0,,,COc1cc(C(=O)N2CCC(c3ccc(N)nn3)CC2)ncc1Oc1ccc(OC(F)F)cc1
CHEMBL5824733,,,,,,220.0,nM,,,6.66,,IC50; kon; k_off,CHEMBL2417347,Short transient receptor potential channel 6,3,2020.0,435.48,3.28,8,1,112.69,6,0,,,COc1cc(C(=O)N2CCC(c3nnc(N)cc3OC)CC2)ncc1Oc1ccccc1
CHEMBL4458930,larixyl acetate (87.5% similar),,,Unknown,,250.0,nM,,,6.6,,IC50,CHEMBL2417347,Short transient receptor potential channel 6,1,2019.0,391.55,5.15,4,1,78.62,6,1,,,C=C[C@@](C)(CC[C@H]1C(=C)C[C@H](OC(N)=O)[C@H]2C(C)(C)CCC[C@]12C)OC(C)=O
CHEMBL5810722,,,,,,250.0,nM,,,6.6,,IC50; kon; k_off,CHEMBL2417347,Short transient receptor potential channel 6,6,2020.0; 2021.0,453.47,3.42,8,1,112.69,6,0,,,COc1cc(C(=O)N2CCC(c3nnc(N)cc3OC)CC2)ncc1Oc1ccc(F)cc1
CHEMBL6038446,,,,,,250.0,nM,,,6.6,,IC50; kon; k_off,CHEMBL2417347,Short transient receptor potential channel 6,6,2020.0; 2021.0,426.52,3.27,7,1,99.80,8,0,,,COc1cc(C(=O)N2CCC(c3cnc(N)cc3OC)CC2)ncc1OCCC1CC1
CHEMBL4126435,,,,Small molecule,,280.0,nM,,,6.55,,IC50,CHEMBL2417347,Short transient receptor potential channel 6,1,2018.0,436.60,3.32,5,1,82.59,4,0,,,CN(C)C(=O)/C=C1\CC[C@@]2(C)[C@@H](C1)C[C@@H](N1CCC[C@@H](N)C1)[C@@H]2Oc1ccc(C#N)cc1
CHEMBL6048659,,,,,,290.0,nM,,,6.54,,IC50; kon; k_off,CHEMBL2417347,Short transient receptor potential channel 6,6,2020.0; 2021.0,503.48,4.30,8,1,112.69,6,1,,,COc1cc(C(=O)N2CCC(c3nnc(N)cc3OC)CC2)ncc1Oc1ccc(C(F)(F)F)cc1
CHEMBL5850981,,,,,,290.0,nM,,,6.54,,IC50; kon; k_off,CHEMBL2417347,Short transient receptor potential channel 6,6,2020.0; 2021.0,461.52,3.36,8,1,103.04,6,0,,,COc1cc(C(=O)N2C3CCC2CN(c2cnc(N)cc2OC)C3)ncc1Oc1ccccc1
CHEMBL5806558,,,,,,300.0,nM,,,6.52,,IC50; kon; k_off,CHEMBL2417347,Short transient receptor potential channel 6,6,2020.0; 2021.0,460.53,4.42,7,1,99.80,7,0,,,COc1cc(C(=O)N2CCC(c3cnc(N)cc3OC3CC3)CC2)ncc1Oc1ccccc1
CHEMBL5771095,,,,,,300.0,nM,,,6.52,,IC50; kon; k_off,CHEMBL2417347,Short transient receptor potential channel 6,6,2020.0; 2021.0,437.48,3.20,7,1,103.46,6,0,,,COc1cc(C(=O)N2CCC(c3ccc(N)nn3)CC2)ncc1OCc1ccccc1F
CHEMBL5762085,,,,,,320.0,nM,,,6.5,,IC50; kon; k_off,CHEMBL2417347,Short transient receptor potential channel 6,6,2020.0; 2021.0,449.51,3.67,8,1,112.69,7,0,,,CCOc1cc(N)nnc1C1CCN(C(=O)c2cc(OC)c(Oc3ccccc3)cn2)CC1
CHEMBL5950564,,,,,,340.0,nM,,,6.47,,IC50; kon; k_off,CHEMBL2417347,Short transient receptor potential channel 6,6,2020.0; 2021.0,428.53,3.52,7,1,99.80,6,0,,,COc1cc(C(=O)N2CCC(c3cnc(N)cc3OC)CC2)ncc1OCC(C)(C)C
CHEMBL5988745,,,,,,343.0,nM,,,6.46,,IC50; kon; k_off,CHEMBL2417347,Short transient receptor potential channel 6,12,2020.0; 2021.0,468.48,3.67,7,1,99.80,7,0,,,COc1cc(C(=O)N2CCC(c3cnc(N)cc3OC)CC2)ncc1OCC(C)C(F)(F)F
CHEMBL5921273,,,,,,350.0,nM,,,6.46,,IC50; kon; k_off,CHEMBL2417347,Short transient receptor potential channel 6,6,2020.0; 2021.0,462.55,4.67,7,1,99.80,8,0,,,CCCOc1cc(N)ncc1C1CCN(C(=O)c2cc(OC)c(Oc3ccccc3)cn2)CC1
CHEMBL5994407,,,,,,364.0,nM,,,6.44,,IC50; kon; k_off,CHEMBL2417347,Short transient receptor potential channel 6,6,2020.0; 2021.0,487.48,4.60,7,1,103.46,5,0,,,COc1cc(C(=O)N2CCC(c3nnc(N)cc3C)CC2)ncc1Oc1ccc(C(F)(F)F)cc1
CHEMBL4126528,,,,Small molecule,,390.0,nM,,,6.41,,IC50,CHEMBL2417347,Short transient receptor potential channel 6,1,2018.0,367.49,2.88,5,1,79.35,3,0,,,C[C@@]12CCC(=O)C[C@@H]1C[C@@H](N1CCC[C@@H](N)C1)[C@@H]2Oc1ccc(C#N)cc1
CHEMBL2418818,,,,Small molecule,,400.0,nM,,,6.4,,IC50,CHEMBL2417347,Short transient receptor potential channel 6,1,2013.0,315.44,4.07,4,1,45.23,3,0,,,Cc1ccc(Nc2nc(C(=O)N3CCC(C)CC3)cs2)cc1
CHEMBL5969199,,,,,,414.0,nM,,,6.38,,IC50; kon; k_off,CHEMBL2417347,Short transient receptor potential channel 6,6,2020.0; 2021.0,473.46,4.29,7,1,103.46,5,0,,,COc1cc(N)nnc1C1CCN(C(=O)c2ccc(Oc3ccc(C(F)(F)F)cc3)cn2)CC1
CHEMBL4127992,,,,Small molecule,,440.0,nM,,,6.36,,IC50,CHEMBL2417347,Short transient receptor potential channel 6,1,2018.0,383.54,3.32,5,1,71.51,4,0,,,CO[C@H]1CC[C@@]2(C)[C@@H](C1)C[C@@H](N1CCC[C@@H](N)C1)[C@@H]2Oc1ccc(C#N)cc1
CHEMBL5751236,,,,,,440.0,nM,,,6.36,,IC50; kon; k_off,CHEMBL2417347,Short transient receptor potential channel 6,6,2020.0; 2021.0,465.51,3.29,9,1,121.92,7,0,,,COc1ccc(Oc2cnc(C(=O)N3CCC(c4cc(OC)c(N)nn4)CC3)cc2OC)cc1
CHEMBL5881130,,,,,,445.0,nM,,,6.35,,IC50; kon; k_off,CHEMBL2417347,Short transient receptor potential channel 6,6,2020.0; 2021.0,462.50,3.52,7,1,99.80,7,0,,,COc1cc(C(=O)N2CCC(c3cnc(N)cc3OC)CC2)ncc1OCC1CCC1(F)F
CHEMBL1506485,,,,Small molecule,,500.0,nM,,,6.3,,IC50,CHEMBL2417347,Short transient receptor potential channel 6,1,2013.0,365.46,4.09,5,1,54.46,4,0,,,COc1ccc(Nc2nc(C(=O)N3CCc4ccccc4C3)cs2)cc1
CHEMBL5748045,,,,,,500.0,nM,,,6.3,,IC50; kon; k_off,CHEMBL2417347,Short transient receptor potential channel 6,6,2020.0; 2021.0,413.48,1.83,8,1,103.04,7,0,,,COc1cc(C(=O)N2CCN(c3cnc(N)cc3OC)CC2)ncc1OCC1CC1
CHEMBL4129133,,,,Small molecule,,500.0,nM,,,6.3,,IC50,CHEMBL2417347,Short transient receptor potential channel 6,1,2018.0,285.39,2.28,4,1,62.28,3,0,,,N#Cc1ccc(O[C@@H]2CCC[C@H]2N2CCC[C@@H](N)C2)cc1
CHEMBL5807471,,,,,,550.0,nM,,,6.26,,IC50; kon; k_off,CHEMBL2417347,Short transient receptor potential channel 6,6,2020.0; 2021.0,411.51,3.19,7,1,103.46,5,0,,,COc1cc(C(=O)N2CCC(c3ccc(N)nn3)CC2)ncc1OC1CCCCC1
CHEMBL5917729,,,,,,560.0,nM,,,6.25,,IC50; kon; k_off,CHEMBL2417347,Short transient receptor potential channel 6,6,2020.0; 2021.0,397.48,2.66,7,1,103.46,7,0,,,COc1cc(C(=O)N2CCC(c3ccc(N)nn3)CC2)ncc1OCCC1CC1
CHEMBL4129913,,,,Small molecule,,560.0,nM,,,6.25,,IC50,CHEMBL2417347,Short transient receptor potential channel 6,1,2018.0,369.51,2.67,5,2,82.51,3,0,,,C[C@]12CC[C@H](O)C[C@H]1C[C@@H](N1CCC[C@@H](N)C1)[C@@H]2Oc1ccc(C#N)cc1
CHEMBL5933693,,,,,,595.0,nM,,,6.22,,IC50; kon; k_off,CHEMBL2417347,Short transient receptor potential channel 6,6,2020.0; 2021.0,494.51,4.06,7,1,99.80,7,0,,,COc1cc(C(=O)N2CCC(c3cnc(N)cc3OC)CC2)ncc1OC[C@H]1C[C@@H](C(F)(F)F)C1
CHEMBL5823435,,,,,,620.0,nM,,,6.21,,IC50; kon; k_off,CHEMBL2417347,Short transient receptor potential channel 6,6,2020.0; 2021.0,517.51,4.69,8,1,112.69,7,1,,,CCOc1cc(N)nnc1C1CCN(C(=O)c2cc(OC)c(Oc3ccc(C(F)(F)F)cc3)cn2)CC1
CHEMBL2418822,,,,Small molecule,,630.0,nM,,,6.2,,IC50,CHEMBL2417347,Short transient receptor potential channel 6,1,2013.0,353.85,4.55,4,1,45.23,3,0,,,CC1CCN(C(=O)c2csc(Nc3ccc(Cl)cc3F)n2)CC1
CHEMBL6059140,,,,,,630.0,nM,,,6.2,,IC50; kon; k_off,CHEMBL2417347,Short transient receptor potential channel 6,6,2020.0; 2021.0,476.53,3.66,8,1,109.03,6,0,,,COc1cc(C(=O)N2C3COCC2CC(c2cnc(N)cc2OC)C3)ncc1Oc1ccccc1
CHEMBL5795999,,,,,,630.0,nM,,,6.2,,IC50; kon; k_off,CHEMBL2417347,Short transient receptor potential channel 6,6,2020.0; 2021.0,465.51,2.19,9,2,123.27,7,0,,,COc1cc(C(=O)N2CCN(c3cnc(N)cc3OC)C[C@@H]2CO)ncc1Oc1ccccc1
CHEMBL2418824,,,,Small molecule,,630.0,nM,,,6.2,,IC50,CHEMBL2417347,Short transient receptor potential channel 6,1,2013.0,315.44,4.21,4,1,45.23,3,0,,,Cc1ccc(Nc2nc(C(=O)N3CCCCC3C)cs2)cc1
CHEMBL6014510,,,,,,635.0,nM,,,6.2,,IC50; kon; k_off,CHEMBL2417347,Short transient receptor potential channel 6,6,2020.0; 2021.0,494.51,4.06,7,1,99.80,7,0,,,COc1cc(C(=O)N2CCC(c3cnc(N)cc3OC)CC2)ncc1OC[C@H]1C[C@H](C(F)(F)F)C1
CHEMBL5890110,,,,,,640.0,nM,,,6.19,,IC50; kon; k_off,CHEMBL2417347,Short transient receptor potential channel 6,6,2020.0; 2021.0,426.52,3.27,7,1,99.80,7,0,,,COc1cc(C(=O)N2CCC(c3cnc(N)cc3OC)CC2)ncc1O[C@@H](C)C1CC1
CHEMBL4125839,,,,Small molecule,,660.0,nM,,,6.18,,IC50,CHEMBL2417347,Short transient receptor potential channel 6,1,2018.0,319.84,2.93,4,1,62.28,3,0,,,N#Cc1ccc(O[C@@H]2CCC[C@H]2N2CCC[C@@H](N)C2)c(Cl)c1
CHEMBL5958210,,,,,,670.0,nM,,,6.17,,IC50; kon; k_off,CHEMBL2417347,Short transient receptor potential channel 6,6,2020.0; 2021.0,483.50,2.33,9,2,123.27,7,0,,,COc1cc(C(=O)N2CCN(c3cnc(N)cc3OC)C[C@H]2CO)ncc1Oc1ccc(F)cc1
CHEMBL5882025,,,,,,750.0,nM,,,6.12,,IC50; kon; k_off,CHEMBL2417347,Short transient receptor potential channel 6,6,2020.0; 2021.0,437.48,3.80,7,1,103.46,6,0,,,CCOc1cc(C(=O)N2CCC(c3ccc(N)nn3)CC2)ncc1Oc1ccc(F)cc1
CHEMBL2418819,,,,Small molecule,,800.0,nM,,,6.1,,Inhibition; IC50,CHEMBL2417347,Short transient receptor potential channel 6,2,2013.0,335.86,4.41,4,1,45.23,3,0,,,CC1CCN(C(=O)c2csc(Nc3ccc(Cl)cc3)n2)CC1
CHEMBL2418820,,,,Small molecule,,800.0,nM,,,6.1,,IC50,CHEMBL2417347,Short transient receptor potential channel 6,1,2013.0,331.44,3.77,5,1,54.46,4,0,,,COc1ccc(Nc2nc(C(=O)N3CCC(C)CC3)cs2)cc1
CHEMBL5901344,,,,,,820.0,nM,,,6.09,,IC50; kon; k_off,CHEMBL2417347,Short transient receptor potential channel 6,6,2020.0; 2021.0,444.51,3.22,7,1,99.80,8,0,,,COc1cc(C(=O)N2CCC(c3cnc(N)cc3OC)CC2)ncc1OCC1(CF)CC1
CHEMBL5840726,,,,,,830.0,nM,,,6.08,,IC50; kon; k_off,CHEMBL2417347,Short transient receptor potential channel 6,6,2020.0; 2021.0,386.45,2.49,7,1,99.80,6,0,,,CCOc1cnc(C(=O)N2CCC(c3cnc(N)cc3OC)CC2)cc1OC
CHEMBL5856195,,,,,,840.0,nM,,,6.08,,IC50; kon; k_off,CHEMBL2417347,Short transient receptor potential channel 6,6,2020.0; 2021.0,465.51,3.29,9,1,121.92,7,0,,,COc1ccc(Oc2cnc(C(=O)N3CCC(c4nnc(N)cc4OC)CC3)cc2OC)cc1
CHEMBL5795901,,,,,,850.0,nM,,,6.07,,IC50; kon; k_off,CHEMBL2417347,Short transient receptor potential channel 6,6,2020.0; 2021.0,465.51,2.19,9,2,123.27,7,0,,,COc1cc(C(=O)N2CCN(c3cnc(N)cc3OC)C[C@H]2CO)ncc1Oc1ccccc1
CHEMBL5795761,,,,,,910.0,nM,,,6.04,,IC50; kon; k_off,CHEMBL2417347,Short transient receptor potential channel 6,6,2020.0; 2021.0,400.48,2.88,7,1,99.80,6,0,,,COc1cc(C(=O)N2CCC(c3cnc(N)cc3OC)CC2)ncc1OC(C)C
CHEMBL5561836,,,,,,1000.0,nM,,,6.0,ANTAGONIST,IC50,CHEMBL2417347,Short transient receptor potential channel 6,1,2024.0,414.48,4.04,6,1,77.73,3,0,,,CCOC(=O)N1CCC(C)(C2C=C(O)N3N=C(C)C(c4ccc(F)cc4)C3=N2)CC1
CHEMBL2418816,,,,Small molecule,,1260.0,nM,,,5.9,,IC50,CHEMBL2417347,Short transient receptor potential channel 6,1,2013.0,408.48,4.08,7,1,76.58,3,0,,,Cc1sc(Nc2ccc3c(c2)OCO3)nc1C(=O)N1CCc2ncccc2C1C
CHEMBL5954995,,,,,,1300.0,nM,,,5.89,,IC50; kon; k_off,CHEMBL2417347,Short transient receptor potential channel 6,6,2020.0; 2021.0,433.51,3.10,7,1,103.46,7,0,,,COc1cc(C(=O)N2CCC(c3ccc(N)nn3)CC2)ncc1OCCc1ccccc1
CHEMBL5937676,,,,,,1400.0,nM,,,5.85,,IC50; kon; k_off,CHEMBL2417347,Short transient receptor potential channel 6,6,2020.0; 2021.0,399.50,2.91,7,1,103.46,5,0,,,COc1cc(C(=O)N2CCC(c3ccc(N)nn3)CC2)ncc1OCC(C)(C)C
CHEMBL6004271,,,,,,1500.0,nM,,,5.82,,IC50; kon; k_off,CHEMBL2417347,Short transient receptor potential channel 6,6,2020.0; 2021.0,397.48,2.66,7,1,103.46,6,0,,,COc1cc(C(=O)N2CCC(c3ccc(N)nn3)CC2)ncc1OCC1(C)CC1
CHEMBL4476771,,,,Unknown,,1570.0,nM,,,5.8,,IC50,CHEMBL2417347,Short transient receptor potential channel 6,1,2019.0,306.49,4.47,2,2,40.46,4,0,,,C=C[C@](C)(O)CC[C@H]1C(=C)C[C@H](O)[C@H]2C(C)(C)CCC[C@]12C
CHEMBL2418804,,,,Small molecule,,1600.0,nM,,,5.8,,IC50,CHEMBL2417347,Short transient receptor potential channel 6,1,2013.0,393.51,4.92,5,1,54.46,5,0,,,COc1ccc(Nc2nc(C(=O)N3CCC(c4ccccc4)CC3)cs2)cc1
CHEMBL2418812,,,,Small molecule,,1600.0,nM,,,5.8,,IC50,CHEMBL2417347,Short transient receptor potential channel 6,1,2013.0,381.90,5.25,4,1,45.23,3,1,,,Cc1sc(Nc2ccc(Cl)cc2F)nc1C(=O)N1CCC[C@@H](C)[C@H]1C
CHEMBL5926280,,,,,,1800.0,nM,,,5.75,,IC50; kon; k_off,CHEMBL2417347,Short transient receptor potential channel 6,6,2020.0; 2021.0,371.44,2.27,7,1,103.46,6,0,,,CCCOc1cnc(C(=O)N2CCC(c3ccc(N)nn3)CC2)cc1OC
CHEMBL1905618,,,,Small molecule,,2030.0,nM,,,,,IC50,CHEMBL1795081,Short transient receptor potential channel 6,1,,226.32,3.45,2,0,16.13,1,0,,,Cc1ccc2nc(N3CCCC3)cc(C)c2c1.O=C(O)C(F)(F)F
CHEMBL5744377,,,,,,2100.0,nM,,,5.68,,IC50; kon; k_off,CHEMBL2417347,Short transient receptor potential channel 6,6,2020.0; 2021.0,463.51,4.33,7,1,103.46,6,0,,,CCOc1cc(C(=O)N2C3CCC2CC(c2ccc(N)nn2)C3)ncc1Oc1ccc(F)cc1
CHEMBL6017154,,,,,,2200.0,nM,,,5.66,,IC50; kon; k_off,CHEMBL2417347,Short transient receptor potential channel 6,6,2020.0; 2021.0,426.52,3.27,7,1,99.80,7,0,,,COc1cc(C(=O)N2CCC(c3cnc(N)cc3OC)CC2)ncc1O[C@H](C)C1CC1
CHEMBL5959458,,,,,,2800.0,nM,,,5.55,,IC50; kon; k_off,CHEMBL2417347,Short transient receptor potential channel 6,6,2020.0; 2021.0,397.48,2.58,7,1,103.46,6,0,,,COc1cc(C(=O)N2CCC(c3nnc(N)cc3C)CC2)ncc1OCC1CC1
CHEMBL5561986,,,,,,2900.0,nM,,100.0,5.54,ANTAGONIST,Inhibition; IC50,CHEMBL1795081,Short transient receptor potential channel 6,2,2024.0,418.52,4.22,6,3,91.48,7,0,,,NCCN(Cc1ccc2ccccc2c1)c1nc(C(=O)Nc2ccc(O)cc2)cs1
CHEMBL2418821,,,,Small molecule,,3160.0,nM,,,5.5,,IC50,CHEMBL2417347,Short transient receptor potential channel 6,1,2013.0,335.86,4.41,4,1,45.23,3,0,,,CC1CCN(C(=O)c2csc(Nc3ccccc3Cl)n2)CC1
CHEMBL5994999,,,,,,3700.0,nM,,,5.43,,IC50; kon; k_off,CHEMBL2417347,Short transient receptor potential channel 6,6,2020.0; 2021.0,397.48,2.66,7,1,103.46,6,0,,,COc1cc(C(=O)N2CCC(c3ccc(N)nn3)CC2)ncc1O[C@@H](C)C1CC1
CHEMBL2418805,,,,Small molecule,,4000.0,nM,,,5.4,,IC50,CHEMBL2417347,Short transient receptor potential channel 6,1,2013.0,383.56,5.63,4,1,45.23,4,1,,,Cc1ccc(Nc2nc(C(=O)N3CCC(C4CCCCC4)CC3)cs2)cc1
CHEMBL1740853,,,,Small molecule,,4200.0,nM,,84.8,5.38,ANTAGONIST,Inhibition; IC50,CHEMBL1795081; CHEMBL2417347,Short transient receptor potential channel 6,3,2024.0,409.56,4.39,5,0,45.67,6,0,,,COc1cccc2sc(N(CCN(C)C)C(=O)c3ccc4c(c3)CCCC4)nc12
CHEMBL258502,,,SK-96365; SK&F-96365,Small molecule,,4900.0,nM,,,5.31,,IC50,CHEMBL1795081,Short transient receptor potential channel 6,1,2018.0,366.46,4.29,5,0,45.51,10,0,,,COc1ccc(CCCOC(Cn2ccnc2)c2ccc(OC)cc2)cc1
CHEMBL2418817,,,,Small molecule,,6300.0,nM,,,5.2,,IC50,CHEMBL2417347,Short transient receptor potential channel 6,1,2013.0,402.88,4.58,5,1,58.12,3,0,,,Cc1sc(Nc2ccc(Cl)cc2F)nc1C(=O)N1CCc2ncccc2C1
CHEMBL6206,,BROMOENOL LACTONE,,Small molecule,,7200.0,nM,,,5.14,ANTAGONIST,IC50,CHEMBL2417347,Short transient receptor potential channel 6,1,2024.0,317.18,4.50,2,0,26.30,1,0,,,O=C1O/C(=C/Br)CCC1c1cccc2ccccc12
CHEMBL1897149,,,,Small molecule,,7760.0,nM,,,,,IC50,CHEMBL1795081,Short transient receptor potential channel 6,1,,230.29,3.28,2,0,16.13,1,0,,,Cc1cc(N2CCCC2)nc2ccc(F)cc12.O=C(O)C(F)(F)F
CHEMBL1893285,,,,Small molecule,,8580.0,nM,,,,,IC50,CHEMBL1795081,Short transient receptor potential channel 6,1,,240.35,3.84,2,0,16.13,1,0,,,Cc1ccc2nc(N3CCCCC3)cc(C)c2c1.O=C(O)C(F)(F)F
CHEMBL1894148,,,,Small molecule,,9740.0,nM,,,,,IC50,CHEMBL1795081,Short transient receptor potential channel 6,1,,240.35,3.92,2,0,16.13,1,0,,,Cc1cc(N2CCCCCC2)nc2ccccc12.O=C(O)C(F)(F)F
CHEMBL1905802,,,,Small molecule,,9800.0,nM,,,,,IC50,CHEMBL1795081,Short transient receptor potential channel 6,1,,226.32,3.45,2,0,16.13,1,0,,,Cc1cc(N2CCCC2)nc2c(C)cccc12.O=C(O)C(F)(F)F
CHEMBL4164465,,,,Small molecule,,10000.0,nM,,,,,IC50,CHEMBL2417347,Short transient receptor potential channel 6,1,2018.0,461.30,2.18,6,2,110.86,5,0,,,N#Cc1ccc(O[C@H]2CN(S(=O)(=O)c3ccc(Cl)cc3Cl)C[C@@]2(O)CO)cc1F
CHEMBL1407943,,CLEMIZOLE,AL-20 FREE BASE; Clemizol; Clemizole; Clemizole; NSC-46261,Small molecule,2.0,11300.0,nM,,,4.95,,IC50,CHEMBL2417347,Short transient receptor potential channel 6,1,2019.0,325.84,4.33,3,0,21.06,4,0,,,Clc1ccc(Cn2c(CN3CCCC3)nc3ccccc32)cc1
CHEMBL1880368,,,,Small molecule,,11400.0,nM,,,,,IC50,CHEMBL1795081,Short transient receptor potential channel 6,1,,304.40,3.26,4,0,32.26,2,0,,,Cc1cc(N2CCN(c3ccncc3)CC2)nc2ccccc12.O=C(O)C(F)(F)F.O=C(O)C(F)(F)F
CHEMBL1903670,,,,Small molecule,,11800.0,nM,,,,,IC50,CHEMBL1795081,Short transient receptor potential channel 6,1,,226.32,3.53,2,0,16.13,1,0,,,Cc1cc(N2CCC[C@@H]2C)nc2ccccc12.O=C(O)C(F)(F)F
CHEMBL1880982,,,,Small molecule,,11900.0,nM,,,,,IC50,CHEMBL1795081,Short transient receptor potential channel 6,1,,212.30,3.14,2,0,16.13,1,0,,,Cc1cc(N2CCCC2)nc2ccccc12.O=C(O)C(F)(F)F
CHEMBL1867534,,,,Small molecule,,12830.0,nM,,,,,IC50,CHEMBL1795081,Short transient receptor potential channel 6,1,,254.38,4.23,2,0,16.13,1,0,,,Cc1ccc2nc(N3CCCCCC3)cc(C)c2c1.O=C(O)C(F)(F)F
CHEMBL1865335,,,,Small molecule,,14100.0,nM,,,,,IC50,CHEMBL1795081,Short transient receptor potential channel 6,1,,240.35,3.71,2,0,16.13,2,0,,,CCc1ccc2nc(N3CCCC3)cc(C)c2c1.O=C(O)C(F)(F)F
CHEMBL1874454,,,,Small molecule,,15000.0,nM,,,,,IC50,CHEMBL1795081,Short transient receptor potential channel 6,1,,254.38,4.10,2,0,16.13,2,0,,,CCc1ccc2nc(N3CCCCC3)cc(C)c2c1.O=C(O)C(F)(F)F
CHEMBL2418825,,,,Small molecule,,15800.0,nM,,,4.8,,IC50,CHEMBL2417347,Short transient receptor potential channel 6,1,2013.0,377.51,5.56,4,1,45.23,4,1,,,Cc1ccc(Nc2nc(C(=O)N3CCCCC3c3ccccc3)cs2)cc1
CHEMBL1889563,,,,Small molecule,,16900.0,nM,,,,,IC50,CHEMBL1795081,Short transient receptor potential channel 6,1,,311.43,2.84,4,0,28.60,2,0,,,Cc1cc(N2CCC(N3CCOCC3)CC2)nc2ccccc12.O=C(O)C(F)(F)F.O=C(O)C(F)(F)F
CHEMBL1459962,,,,Small molecule,,17900.0,nM,,,4.75,,IC50,CHEMBL1795081,Short transient receptor potential channel 6,2,2019.0,226.32,3.53,2,0,16.13,1,0,,,Cc1cc(N2CCCCC2)nc2ccccc12
CHEMBL1905824,,,,Small molecule,,20100.0,nM,,,,,IC50,CHEMBL1795081,Short transient receptor potential channel 6,1,,244.31,3.67,2,0,16.13,1,0,,,Cc1cc(N2CCCCC2)nc2ccc(F)cc12.O=C(O)C(F)(F)F
CHEMBL1866172,,,,Small molecule,,20400.0,nM,,,,,IC50,CHEMBL1795081,Short transient receptor potential channel 6,1,,227.31,1.95,3,1,28.16,1,0,,,Cc1cc(N2CCNCC2)nc2ccccc12.O=C(O)C(F)(F)F.O=C(O)C(F)(F)F
CHEMBL1867730,,,,Small molecule,,23100.0,nM,,,,,IC50,CHEMBL1795081,Short transient receptor potential channel 6,1,,266.27,3.85,2,0,16.13,1,0,,,FC(F)(F)c1cc(N2CCCC2)nc2ccccc12.O=C(O)C(F)(F)F
CHEMBL4281262,,,,Small molecule,,24500.0,nM,,,4.61,,IC50,CHEMBL1795081,Short transient receptor potential channel 6,1,2018.0,395.36,-1.18,10,5,169.70,7,0,,,N#C/C(=C\CO)CO[C@@H]1O[C@H](COC(=O)c2ccc(O)cc2)[C@@H](O)[C@H](O)[C@H]1O
CHEMBL2417565,,,,Small molecule,,25000.0,nM,,,,,IC50,CHEMBL2417347,Short transient receptor potential channel 6,1,2013.0,377.51,5.21,4,1,45.23,4,1,,,Cc1ccc(Nc2nc(C(=O)N3CCCC(c4ccccc4)C3)cs2)cc1
CHEMBL4514203,,BAY-390,,Unknown,,25000.0,nM,,,,,IC50,CHEMBL2417347,Short transient receptor potential channel 6,1,2021.0,277.26,3.47,2,2,32.26,2,0,,,O[C@]1(C(F)(F)F)CCCC[C@H]1Nc1ccc(F)cc1
CHEMBL4073922,,,,Small molecule,,25000.0,nM,,,,,IC50,CHEMBL2417347,Short transient receptor potential channel 6,1,2017.0,691.64,8.55,4,1,48.47,7,2,,,O=C(NC1(c2ccccc2)CC1)c1c(CN2CCC(N3CCCCC3)CC2)c(-c2cccc(C(F)(F)F)c2)nc2cc(Br)ccc12
CHEMBL4293440,,,,Small molecule,,25600.0,nM,,,4.59,,IC50,CHEMBL1795081,Short transient receptor potential channel 6,1,2018.0,425.39,-1.18,11,5,178.93,8,1,,,COc1cc(C(=O)OC[C@H]2O[C@@H](OC/C(C#N)=C/CO)[C@H](O)[C@@H](O)[C@@H]2O)ccc1O
CHEMBL5597024,,,,,,30000.0,nM,,,,,IC50,CHEMBL2417347,Short transient receptor potential channel 6,1,2024.0,424.26,3.17,6,1,76.04,4,0,,,COC(c1ccc(F)cc1Cl)c1cnc2n1CCN(c1cn[nH]c(=O)c1Cl)C2
CHEMBL4752870,,,,Unknown,,30000.0,nM,,,,,IC50,CHEMBL2417347,Short transient receptor potential channel 6,1,2024.0,441.77,3.73,6,1,84.00,3,0,,,O=c1[nH]ncc(N2CCc3c(ncnc3Oc3ccc(F)cc3C(F)(F)F)C2)c1Cl
CHEMBL4555711,,BAY-9897,,Unknown,,30000.0,nM,,,,,IC50,CHEMBL2417347,Short transient receptor potential channel 6,1,2021.0,307.29,3.48,3,2,41.49,3,0,,,COc1cc(N[C@@H]2CCCC[C@]2(O)C(F)(F)F)ccc1F
CHEMBL4447753,,,,Unknown,,30000.0,nM,,,,,IC50,CHEMBL2417347,Short transient receptor potential channel 6,1,2019.0,363.26,2.16,4,1,52.23,3,0,,,Cc1ccccc1CN1CCN(c2cn[nH]c(=O)c2Br)CC1
CHEMBL4530872,,,,Unknown,,30000.0,nM,,,,,IC50,CHEMBL2417347,Short transient receptor potential channel 6,1,2019.0,386.76,2.29,4,1,69.30,3,0,,,O=C1CN(c2cn[nH]c(=O)c2Cl)CCN1Cc1ccccc1C(F)(F)F
CHEMBL4439190,,,,Unknown,,30000.0,nM,,,,,IC50,CHEMBL4523662,TRPC3/TRPC6,1,2018.0,491.37,1.44,7,2,135.77,5,0,,,N#Cc1ccc(S(=O)(=O)N2C[C@H](S(=O)(=O)c3ccc(Cl)cc3)[C@](O)(CO)C2)c(Cl)c1
CHEMBL4436705,,,,Unknown,,57100.0,nM,,,4.24,,IC50,CHEMBL1795081,Short transient receptor potential channel 6,1,2019.0,249.74,3.45,2,1,31.92,1,0,,,CC1CCN(c2nc3cc(Cl)ccc3[nH]2)CC1
CHEMBL1376358,,,,Small molecule,,59600.0,nM,,,4.22,,IC50,CHEMBL1795081,Short transient receptor potential channel 6,1,2019.0,189.26,2.77,2,2,40.71,4,0,,,CCCCNc1nc2ccccc2[nH]1
CHEMBL4438838,,,,Unknown,,63800.0,nM,,,4.2,,IC50,CHEMBL1795081,Short transient receptor potential channel 6,1,2019.0,215.30,2.80,2,1,31.92,1,0,,,CC1CCN(c2nc3ccccc3[nH]2)CC1
CHEMBL2396913,,,,Small molecule,,100000.0,nM,,,,,IC50,CHEMBL1795081,Short transient receptor potential channel 6,1,2019.0,215.30,2.94,2,1,31.92,1,0,,,CC1CCCCN1c1nc2ccccc2[nH]1
CHEMBL2396911,,,,Small molecule,,100000.0,nM,,,,,IC50,CHEMBL1795081,Short transient receptor potential channel 6,1,2019.0,267.38,3.94,2,2,40.71,2,0,,,c1ccc2[nH]c(NC34CC5CC(CC(C5)C3)C4)nc2c1
CHEMBL4440241,,,,Unknown,,100000.0,nM,,,,,IC50,CHEMBL1795081,Short transient receptor potential channel 6,1,2019.0,187.25,2.16,2,1,31.92,1,0,,,c1ccc2[nH]c(N3CCCC3)nc2c1
CHEMBL2396912,,,,Small molecule,,100000.0,nM,,,,,IC50,CHEMBL1795081,Short transient receptor potential channel 6,1,2019.0,201.27,2.55,2,1,31.92,1,0,,,c1ccc2[nH]c(N3CCCCC3)nc2c1
CHEMBL1237210,,,,Small molecule,,,,,,,AGONIST,Activity,CHEMBL2417347,Short transient receptor potential channel 6,1,2023.0,536.80,8.99,4,1,71.44,11,2,,,CC(C)=CCC[C@]1(C)[C@@H](CC=C(C)C)C[C@]2(CC=C(C)C)C(=O)C(CC=C(C)C)=C(O)[C@@]1(C(=O)C(C)C)C2=O
CHEMBL1496110,,,,Small molecule,,,,1400.0,,5.85,,EC50; Activity,CHEMBL1795081,Short transient receptor potential channel 6,8,2017.0,398.44,3.89,6,1,79.96,3,0,,,CCOC(=O)N1CCC(c2cc(O)n3nc(C)c(-c4ccc(F)cc4)c3n2)CC1
CHEMBL1591456,,,,Small molecule,,,,,,,AGONIST,Activity,CHEMBL2417347,Short transient receptor potential channel 6,1,2023.0,398.58,5.49,5,1,72.83,19,1,,,CCCCCCCC/C=C\CCCCCCCC(=O)OC[C@H](CO)OC(C)=O
CHEMBL4060387,,,,Small molecule,,,,2050.0,,5.69,,EC50; Activity,CHEMBL1795081,Short transient receptor potential channel 6,3,2017.0,476.96,5.58,6,1,79.96,4,1,,,Cc1nn2c(O)cc(C3CCN(C(=O)OCc4ccccc4)CC3)nc2c1-c1ccc(Cl)cc1
CHEMBL4060400,,,,Small molecule,,,,3240.0,,5.49,,EC50; Activity,CHEMBL1795081,Short transient receptor potential channel 6,3,2017.0,460.51,5.07,6,1,79.96,4,1,,,Cc1nn2c(O)cc(C3CCN(C(=O)OCc4ccccc4)CC3)nc2c1-c1ccc(F)cc1
CHEMBL4063325,,,,Small molecule,,,,,,,,EC50,CHEMBL1795081,Short transient receptor potential channel 6,1,2017.0,510.59,4.30,7,1,97.03,5,1,,,COc1ccc(S(=O)(=O)N2CCC(C)(c3cc(O)n4nc(C)c(-c5ccc(F)cc5)c4n3)CC2)cc1
CHEMBL4069075,,,,Small molecule,,,,8000.0,,5.1,,EC50,CHEMBL1795081,Short transient receptor potential channel 6,1,2017.0,439.47,3.83,8,1,123.10,4,0,,,CCOC(=O)N1CCC(C)(c2cc(O)n3nc(C)c(-c4ccc([N+](=O)[O-])cc4)c3n2)CC1
CHEMBL4071954,,,,Small molecule,,,,,,,,EC50,CHEMBL1795081,Short transient receptor potential channel 6,1,2017.0,424.52,4.48,5,1,70.73,2,0,,,Cc1nn2c(O)cc(C3(C)CCN(C(=O)C(C)(C)C)CC3)nc2c1-c1ccc(F)cc1
CHEMBL4079835,,,,Small molecule,,,,2000.0,,5.7,,EC50,CHEMBL1795081,Short transient receptor potential channel 6,1,2017.0,425.45,3.65,8,1,123.10,4,0,,,CCOC(=O)N1CCC(c2cc(O)n3nc(C)c(-c4ccc([N+](=O)[O-])cc4)c3n2)CC1
CHEMBL4080748,,,,Small molecule,,,,28800.0,,4.54,,EC50,CHEMBL1795081,Short transient receptor potential channel 6,1,2017.0,382.44,3.67,5,1,70.73,3,0,,,CCC(=O)N1CCC(c2cc(O)n3nc(C)c(-c4ccc(F)cc4)c3n2)CC1
CHEMBL4083411,,,,Small molecule,,,,12300.0,,4.91,,EC50,CHEMBL1795081,Short transient receptor potential channel 6,1,2017.0,510.37,4.73,6,1,83.62,3,1,,,Cc1nn2c(O)cc(C3CCN(C(=O)c4ccc(Br)nc4)CC3)nc2c1-c1ccc(F)cc1
CHEMBL4085233,,,,Small molecule,,,,890.0,,6.05,,EC50; Activity,CHEMBL1795081,Short transient receptor potential channel 6,3,2017.0,448.45,4.77,6,1,79.96,3,0,,,CCOC(=O)N1CCC(c2cc(O)n3nc(C)c(-c4ccc(C(F)(F)F)cc4)c3n2)CC1
CHEMBL4088623,,,,Small molecule,,,,,,,,EC50,CHEMBL1795081,Short transient receptor potential channel 6,1,2017.0,442.95,5.18,6,1,79.96,2,1,,,Cc1nn2c(O)cc(C3CCN(C(=O)OC(C)(C)C)CC3)nc2c1-c1ccc(Cl)cc1
CHEMBL4091195,,,,Small molecule,,,,,,,,EC50,CHEMBL1795081,Short transient receptor potential channel 6,1,2017.0,396.47,3.84,5,1,70.73,3,0,,,CCC(=O)N1CCC(C)(c2cc(O)n3nc(C)c(-c4ccc(F)cc4)c3n2)CC1
CHEMBL4096334,,,,Small molecule,,,,,,,,EC50,CHEMBL1795081,Short transient receptor potential channel 6,1,2017.0,545.60,4.46,9,1,132.33,7,1,,,COc1ccc(CC(=O)N2CCC(C)(c3cc(O)n4nc(C)c(-c5ccc([N+](=O)[O-])cc5)c4n3)CC2)cc1OC
CHEMBL4098792,,,,Small molecule,,,,,,,,EC50,CHEMBL1795081,Short transient receptor potential channel 6,1,2017.0,410.49,4.30,5,1,70.73,2,0,,,Cc1nn2c(O)cc(C3CCN(C(=O)C(C)(C)C)CC3)nc2c1-c1ccc(F)cc1
CHEMBL4098934,,,,Small molecule,,,,,,,,EC50,CHEMBL1795081,Short transient receptor potential channel 6,1,2017.0,543.55,4.34,8,1,130.94,5,1,,,Cc1nn2c(O)cc(C3(C)CCN(S(=O)(=O)c4c(F)cccc4F)CC3)nc2c1-c1ccc([N+](=O)[O-])cc1
CHEMBL4104085,,,,Small molecule,,,,,,,,EC50,CHEMBL1795081,Short transient receptor potential channel 6,1,2017.0,440.52,4.84,6,1,79.96,2,0,,,Cc1nn2c(O)cc(C3(C)CCN(C(=O)OC(C)(C)C)CC3)nc2c1-c1ccc(F)cc1
CHEMBL4761535,,,,Unknown,,,,,39.0,,,Inhibition,CHEMBL1795081,Short transient receptor potential channel 6,1,2021.0,445.23,4.10,5,1,68.92,4,0,,,CCNC(=O)c1cnn(-c2ccc(-n3ccc(Cl)c(Cl)c3=O)cc2)c1C(F)(F)F
CHEMBL4849329,,,,Unknown,,,,,,,,Inhibition,CHEMBL2417347,Short transient receptor potential channel 6,1,2021.0,412.84,2.46,9,0,100.86,4,0,,,Cn1cnc2ncn(Cc3nc([C@@H]4CO[C@@H](c5ccc(Cl)cc5)C4)no3)c(=O)c21
CHEMBL4870326,,,,Unknown,,,,,,,,Activity,CHEMBL2417347,Short transient receptor potential channel 6,1,2021.0,476.54,2.87,9,2,137.39,4,0,,,CC(C)(O)c1cnc(N2C[C@@]3(CC[C@@H](O)[C@](C)(Cn4cnc5ccc(C#N)cc54)C3)OC2=O)cn1
CHEMBL5201831,,,,,,,,,,,,Inhibition,CHEMBL2417347,Short transient receptor potential channel 6,1,2022.0,442.76,2.89,6,1,84.42,3,0,,,O=C1NC(=O)C(N2CCc3c(ncnc3Oc3ccc(F)cc3C(F)(F)F)C2)=C1Cl
CHEMBL5407765,,,,,,,,,,,AGONIST,Activity,CHEMBL2417347,Short transient receptor potential channel 6,2,2023.0,384.52,5.07,4,1,71.44,7,1,,,C=CC[C@@]12C[C@H](CC=C(C)C)C(C)(C)[C@@](CC=C)(C(=O)C(C(C)=O)=C1[O-])C2=O.[Na+]
CHEMBL5527929,,,,,,,,,30.3,,,Inhibition,CHEMBL1795081,Short transient receptor potential channel 6,1,2024.0,464.50,3.40,9,1,140.97,8,0,,,CCOC(=O)c1csc(N(CCNC(=O)OC(C)(C)C)C(=O)c2ccc([N+](=O)[O-])cc2)n1
CHEMBL5542519,,,,,,,,,77.6,,ANTAGONIST,Inhibition,CHEMBL1795081,Short transient receptor potential channel 6,1,2024.0,355.46,3.44,6,1,68.45,7,0,,,CCOC(=O)c1csc(N(CCN)Cc2cccc3ccccc23)n1
CHEMBL5549879,,,,,,,,,30.5,,,Inhibition,CHEMBL1795081,Short transient receptor potential channel 6,1,2024.0,305.40,2.29,6,1,68.45,7,0,,,CCOC(=O)c1csc(N(CCN)Cc2ccccc2)n1
CHEMBL5549995,,,,,,,,,28.3,,,Inhibition,CHEMBL1795081,Short transient receptor potential channel 6,1,2024.0,350.40,2.19,8,1,111.59,8,0,,,CCOC(=O)c1csc(N(CCN)Cc2ccc([N+](=O)[O-])cc2)n1
CHEMBL5550072,,,,,,,,,0.8,,,Inhibition,CHEMBL1795081,Short transient receptor potential channel 6,1,2024.0,434.54,2.27,7,2,114.62,9,0,,,CCOC(=O)c1csc(N(CCNS(N)(=O)=O)Cc2ccc3ccccc3c2)n1
CHEMBL5555762,,,,,,,,,97.9,,ANTAGONIST,Inhibition,CHEMBL1795081,Short transient receptor potential channel 6,1,2024.0,355.46,3.44,6,1,68.45,7,0,,,CCOC(=O)c1csc(N(CCN)Cc2ccc3ccccc3c2)n1
CHEMBL5556441,,,,,,,,,44.2,,ANTAGONIST,Inhibition,CHEMBL1795081,Short transient receptor potential channel 6,1,2024.0,387.38,2.94,6,1,85.52,6,0,,,CCOC(=O)c1csc(N(CCN)C(=O)c2ccc(C(F)(F)F)cc2)n1
CHEMBL5556715,,,,,,,,,18.7,,,Inhibition,CHEMBL1795081,Short transient receptor potential channel 6,1,2024.0,487.50,4.51,7,1,97.83,7,0,,,CCOC(=O)c1csc(N(CCNC(=O)OC(C)(C)C)C(=O)c2ccc(C(F)(F)F)cc2)n1
CHEMBL5557946,,,,,,,,,18.5,,,Inhibition,CHEMBL1795081,Short transient receptor potential channel 6,1,2024.0,410.43,3.10,6,3,99.93,7,0,,,NCCN(Cc1cccc(C(F)(F)F)c1)c1nc(C(=O)Nc2ncc[nH]2)cs1
CHEMBL5558752,,,,,,,,,40.9,,ANTAGONIST,Inhibition,CHEMBL1795081,Short transient receptor potential channel 6,1,2024.0,371.41,2.89,7,1,77.68,9,0,,,CCOC(=O)c1csc(N(CCN)Cc2cccc(OC(F)F)c2)n1
CHEMBL5558767,,,,,,,,,59.5,,ANTAGONIST,Inhibition,CHEMBL1795081,Short transient receptor potential channel 6,1,2024.0,402.29,3.19,6,1,68.45,7,0,,,CCOC(=O)c1csc(N(CCN)Cc2cc(F)ccc2Br)n1
CHEMBL5559141,,,,,,,,,14.7,,,Inhibition,CHEMBL1795081,Short transient receptor potential channel 6,1,2024.0,341.38,2.56,6,1,68.45,7,0,,,CCOC(=O)c1csc(N(CCN)Cc2cccc(F)c2F)n1
CHEMBL5559154,,,,,,,,,92.2,,ANTAGONIST,Inhibition,CHEMBL1795081,Short transient receptor potential channel 6,1,2024.0,373.40,3.30,6,1,68.45,7,0,,,CCOC(=O)c1csc(N(CCN)Cc2cccc(C(F)(F)F)c2)n1
CHEMBL5559569,,,,,,,,,35.6,,,Inhibition,CHEMBL1795081,Short transient receptor potential channel 6,1,2024.0,460.65,4.96,5,2,71.25,7,0,,,NCCN(Cc1ccc2ccccc2c1)c1nc(C(=O)NC23CC4CC(CC(C4)C2)C3)cs1
CHEMBL5559674,,,,,,,,,84.6,,ANTAGONIST,Inhibition,CHEMBL1795081,Short transient receptor potential channel 6,1,2024.0,373.40,3.30,6,1,68.45,7,0,,,CCOC(=O)c1csc(N(CCN)Cc2ccc(C(F)(F)F)cc2)n1
CHEMBL5559716,,,,,,,,,19.3,,,Inhibition,CHEMBL1795081,Short transient receptor potential channel 6,1,2024.0,215.28,0.69,6,2,77.24,5,0,,,CCOC(=O)c1csc(NCCN)n1
CHEMBL5559893,,,,,,,,,53.3,,ANTAGONIST,Inhibition,CHEMBL1795081,Short transient receptor potential channel 6,1,2024.0,410.59,4.18,6,1,62.46,11,0,,,CCN(CC)CCC(=O)c1csc(N(CCN)Cc2ccc3ccccc3c2)n1
CHEMBL5560036,,,,,,,,,56.6,,ANTAGONIST,Inhibition,CHEMBL1795081,Short transient receptor potential channel 6,1,2024.0,356.45,2.83,7,1,81.34,7,0,,,CCOC(=O)c1csc(N(CCN)Cc2ccc3ccccc3n2)n1
CHEMBL5560211,,,,,,,,,26.1,,,Inhibition,CHEMBL1795081,Short transient receptor potential channel 6,1,2024.0,371.41,2.89,7,1,77.68,9,0,,,CCOC(=O)c1csc(N(CCN)Cc2ccc(OC(F)F)cc2)n1
CHEMBL5560501,,,,,,,,,50.6,,ANTAGONIST,Inhibition,CHEMBL1795081,Short transient receptor potential channel 6,1,2024.0,428.52,4.04,6,1,62.46,11,0,,,CCN(CC)CCC(=O)c1csc(N(CCN)Cc2cccc(C(F)(F)F)c2)n1
CHEMBL5560538,,,,,,,,,,,,Inhibition,CHEMBL1795081,Short transient receptor potential channel 6,1,2024.0,460.56,4.40,6,3,94.56,8,0,,,CC(=O)NCCN(Cc1ccc2ccccc2c1)c1nc(C(=O)Nc2ccc(O)cc2)cs1
CHEMBL5560694,,,,,,,,,81.9,,ANTAGONIST,Inhibition,CHEMBL1795081,Short transient receptor potential channel 6,1,2024.0,448.51,4.10,5,2,71.25,9,0,,,NCCN(Cc1cccc(C(F)(F)F)c1)c1nc(C(=O)NCCc2ccccc2)cs1
CHEMBL5560786,,,,,,,,,29.2,,,Inhibition,CHEMBL1795081,Short transient receptor potential channel 6,1,2024.0,395.35,2.98,6,1,68.45,7,0,,,CCOC(=O)c1csc(N(CCN)Cc2c(F)c(F)c(F)c(F)c2F)n1
CHEMBL5560862,,,,,,,,,10.8,,,Inhibition,CHEMBL1795081,Short transient receptor potential channel 6,1,2024.0,436.46,4.09,6,3,91.48,7,0,,,NCCN(Cc1cccc(C(F)(F)F)c1)c1nc(C(=O)Nc2ccc(O)cc2)cs1
CHEMBL5561313,,,,,,,,,56.8,,ANTAGONIST,Inhibition,CHEMBL1795081,Short transient receptor potential channel 6,1,2024.0,434.36,4.20,6,1,68.45,7,0,,,CCOC(=O)c1csc(N(CCN)Cc2ccc3cc(Br)ccc3c2)n1
CHEMBL5562621,,,,,,,,,32.4,,,Inhibition,CHEMBL1795081,Short transient receptor potential channel 6,1,2024.0,433.56,3.03,7,1,88.60,9,0,,,CCOC(=O)c1csc(N(CCNS(C)(=O)=O)Cc2ccc3ccccc3c2)n1
CHEMBL5563112,,,,,,,,,22.1,,,Inhibition,CHEMBL1795081,Short transient receptor potential channel 6,1,2024.0,350.40,2.19,8,1,111.59,8,0,,,CCOC(=O)c1csc(N(CCN)Cc2cccc([N+](=O)[O-])c2)n1
CHEMBL5565891,,,,,,,,,29.0,,,Inhibition,CHEMBL1795081,Short transient receptor potential channel 6,1,2024.0,327.41,2.96,5,2,79.45,6,0,,,NCCN(Cc1ccc2ccccc2c1)c1nc(C(=O)O)cs1
CHEMBL5568377,,,,,,,,,23.0,,,Inhibition,CHEMBL1795081,Short transient receptor potential channel 6,1,2024.0,364.38,1.83,8,1,128.66,7,0,,,CCOC(=O)c1csc(N(CCN)C(=O)c2ccc([N+](=O)[O-])cc2)n1
